[{"id":1,"gender":"Male","first_name":"John","last_name":"Day","email":"jday0@nbcnews.com","active":true},
{"id":2,"gender":"Male","first_name":"Christopher","last_name":"Lawson","email":"clawson1@constantcontact.com","active":false},
{"id":3,"gender":"Female","first_name":"Marilyn","last_name":"Harrison","email":"mharrison2@infoseek.co.jp","active":true},
{"id":4,"gender":"Female","first_name":"Tina","last_name":"Hernandez","email":"thernandez3@facebook.com","active":true},
{"id":5,"gender":"Male","first_name":"Martin","last_name":"Marshall","email":"mmarshall4@bing.com","active":true},
{"id":6,"gender":"Male","first_name":"Bruce","last_name":"Nguyen","email":"bnguyen5@deliciousdays.com","active":false},
{"id":7,"gender":"Male","first_name":"Jerry","last_name":"Chavez","email":"jchavez6@mac.com","active":true},
{"id":8,"gender":"Female","first_name":"Jessica","last_name":"Bryant","email":"jbryant7@dagondesign.com","active":true},
{"id":9,"gender":"Female","first_name":"Marie","last_name":"Stevens","email":"mstevens8@nih.gov","active":false},
{"id":10,"gender":"Female","first_name":"Emily","last_name":"Long","email":"elong9@51.la","active":true},
{"id":11,"gender":"Female","first_name":"Rebecca","last_name":"Simmons","email":"rsimmonsa@cargocollective.com","active":false},
{"id":12,"gender":"Male","first_name":"Carlos","last_name":"Burke","email":"cburkeb@arstechnica.com","active":false},
{"id":13,"gender":"Female","first_name":"Frances","last_name":"Spencer","email":"fspencerc@globo.com","active":false},
{"id":14,"gender":"Male","first_name":"Peter","last_name":"Roberts","email":"probertsd@harvard.edu","active":true},
{"id":15,"gender":"Female","first_name":"Catherine","last_name":"Garrett","email":"cgarrette@newyorker.com","active":true},
{"id":16,"gender":"Female","first_name":"Nicole","last_name":"Robinson","email":"nrobinsonf@jiathis.com","active":false},
{"id":17,"gender":"Male","first_name":"Jerry","last_name":"Franklin","email":"jfrankling@cbc.ca","active":true},
{"id":18,"gender":"Male","first_name":"Brian","last_name":"Cunningham","email":"bcunninghamh@github.com","active":true},
{"id":19,"gender":"Female","first_name":"Irene","last_name":"Clark","email":"iclarki@bbb.org","active":true},
{"id":20,"gender":"Female","first_name":"Elizabeth","last_name":"Murphy","email":"emurphyj@theglobeandmail.com","active":true}]