[{"id":1,"name":"arcu sed augue","price":"116.85","stock":25,"active":true,"sales_trend":"medium","sales":4,"brand":"DabZ","image":"http://dummyimage.com/200x200.jpg/ff4444/ffffff"},
{"id":2,"name":"curae nulla dapibus","price":"199.88","stock":35,"active":false,"sales_trend":"high","sales":65,"brand":"Kazio"},
{"id":3,"name":"elementum eu interdum eu","price":"125.80","stock":84,"active":true,"sales_trend":"medium","sales":21,"brand":"Ooba","image":"http://dummyimage.com/200x200.jpg/dddddd/000000"},
{"id":4,"name":"dapibus nulla suscipit ligula in","price":"64.29","stock":30,"active":true,"sales_trend":"high","sales":39,"brand":"Devshare","image":"http://dummyimage.com/200x200.jpg/5fa2dd/ffffff"},
{"id":5,"name":"eget tincidunt eget tempus vel","price":"186.10","stock":27,"active":true,"sales_trend":"low","sales":75,"brand":"Ntag","image":"http://dummyimage.com/200x200.jpg/cc0000/ffffff"},
{"id":6,"name":"id luctus nec molestie","price":"38.23","stock":67,"active":true,"sales_trend":"medium","sales":51,"brand":"Eabox","image":"http://dummyimage.com/200x200.jpg/cc0000/ffffff"},
{"id":7,"name":"dui luctus rutrum nulla","price":"136.32","stock":50,"active":true,"sales_trend":"low","sales":4,"brand":"Brightbean","image":"http://dummyimage.com/200x200.jpg/dddddd/000000"},
{"id":8,"name":"ante vivamus tortor duis","price":"178.70","stock":31,"active":false,"sales_trend":"high","sales":94,"brand":"Fiveclub"},
{"id":9,"name":"ac neque duis","price":"137.29","stock":97,"active":false,"sales_trend":"high","sales":43,"brand":"Oyoyo","image":"http://dummyimage.com/200x200.jpg/5fa2dd/ffffff"},
{"id":10,"name":"accumsan odio","price":"42.56","stock":87,"active":true,"sales_trend":"medium","sales":63,"brand":"Browsedrive","image":"http://dummyimage.com/200x200.jpg/cc0000/ffffff"},
{"id":11,"name":"aliquam erat volutpat in","price":"198.72","stock":83,"active":false,"sales_trend":"low","sales":15,"brand":"Jaloo","image":"http://dummyimage.com/200x200.jpg/ff4444/ffffff"},
{"id":12,"name":"et magnis dis","price":"18.39","stock":74,"active":true,"sales_trend":"high","sales":57,"brand":"Divanoodle","image":"http://dummyimage.com/200x200.jpg/ff4444/ffffff"},
{"id":13,"name":"amet turpis elementum","price":"119.39","stock":17,"active":true,"sales_trend":"high","sales":99,"brand":"Agivu","image":"http://dummyimage.com/200x200.jpg/5fa2dd/ffffff"},
{"id":14,"name":"mauris enim leo rhoncus","price":"148.78","stock":30,"active":false,"sales_trend":"medium","sales":59,"brand":"Katz"},
{"id":15,"name":"tellus nisi eu","price":"35.85","stock":46,"active":false,"sales_trend":"low","sales":59,"brand":"Realfire","image":"http://dummyimage.com/200x200.jpg/cc0000/ffffff"},
{"id":16,"name":"at nibh","price":"176.31","stock":47,"active":false,"sales_trend":"high","sales":43,"brand":"Eire","image":"http://dummyimage.com/200x200.jpg/cc0000/ffffff"},
{"id":17,"name":"sapien placerat ante","price":"83.18","stock":45,"active":false,"sales_trend":"high","sales":89,"brand":"JumpXS","image":"http://dummyimage.com/200x200.jpg/ff4444/ffffff"},
{"id":18,"name":"lectus in","price":"83.03","stock":24,"active":true,"sales_trend":"high","sales":7,"brand":"Brightdog"},
{"id":19,"name":"eget vulputate ut ultrices vel","price":"116.11","stock":51,"active":false,"sales_trend":"medium","sales":74,"brand":"Zoomdog","image":"http://dummyimage.com/200x200.jpg/ff4444/ffffff"},
{"id":20,"name":"quam turpis adipiscing lorem vitae","price":"96.64","stock":32,"active":false,"sales_trend":"high","sales":62,"brand":"Dynabox","image":"http://dummyimage.com/200x200.jpg/5fa2dd/ffffff"},
{"id":21,"name":"vulputate elementum nullam varius nulla","price":"99.52","stock":61,"active":true,"sales_trend":"medium","sales":83,"brand":"Skilith","image":"http://dummyimage.com/200x200.jpg/5fa2dd/ffffff"},
{"id":22,"name":"sagittis sapien cum sociis","price":"135.18","stock":71,"active":false,"sales_trend":"low","sales":36,"brand":"Npath","image":"http://dummyimage.com/200x200.jpg/ff4444/ffffff"},
{"id":23,"name":"imperdiet et","price":"149.65","stock":6,"active":true,"sales_trend":"medium","sales":32,"brand":"Livetube","image":"http://dummyimage.com/200x200.jpg/5fa2dd/ffffff"},
{"id":24,"name":"felis eu sapien cursus","price":"168.40","stock":48,"active":true,"sales_trend":"high","sales":56,"brand":"Abata"},
{"id":25,"name":"quis odio","price":"187.23","stock":6,"active":true,"sales_trend":"high","sales":23,"brand":"Oyoyo","image":"http://dummyimage.com/200x200.jpg/5fa2dd/ffffff"},
{"id":26,"name":"nam ultrices","price":"155.37","stock":28,"active":false,"sales_trend":"medium","sales":6,"brand":"Realcube","image":"http://dummyimage.com/200x200.jpg/ff4444/ffffff"},
{"id":27,"name":"rutrum neque","price":"103.64","stock":10,"active":true,"sales_trend":"high","sales":59,"brand":"Zazio","image":"http://dummyimage.com/200x200.jpg/cc0000/ffffff"},
{"id":28,"name":"quis libero nullam sit amet","price":"82.30","stock":91,"active":true,"sales_trend":"low","sales":15,"brand":"Livetube","image":"http://dummyimage.com/200x200.jpg/ff4444/ffffff"},
{"id":29,"name":"ornare imperdiet sapien","price":"193.87","stock":78,"active":true,"sales_trend":"high","sales":68,"brand":"Kayveo","image":"http://dummyimage.com/200x200.jpg/5fa2dd/ffffff"},
{"id":30,"name":"duis ac","price":"59.52","stock":92,"active":false,"sales_trend":"high","sales":11,"brand":"Photolist","image":"http://dummyimage.com/200x200.jpg/ff4444/ffffff"}]
